"2","17","171325","25 ADRA GRADO WAY -- PARKING GARAGE-BLOCK D-MARKET BUILDING","4445131","CP","STS","00","Closed","","Conditional Permit","2","17","188801","1 ADRA VILLAWAY-SITE SERVICES","4445140","CP","STS","00","Closed","","Conditional Permit","2","18","189065","1-69 ADRA, 1-53 GRADO AND 1-29 TOMAR VILLAWAY BLK C-TCHC-FND** SUPERSEDED **","4505797","CP","SHO","00","Closed","","Conditional Permit","2","17","171325","25 ADRA GRADO WAY -- PARKING GARAGE-BLOCK D-MARKET BUILDING","4554549","CP","FND","00","Closed","","Conditional Permit","2","18","189065","1-69 ADRA, 1-53 GRADO AND 1-29 TOMAR VILLAWAY BLK C-TCHC-FND","4575596","CP","FND","00","Closed","","Conditional Permit","11","18","270736","1 ADRA VILLAWAY-BLK B- - LOT 1-DRN","4679270","DR","D01","00","Not Started","Nov 8, 2019","Drain and Site Service",""
"11","18","270736","1 ADRA VILLAWAY-BLK B- - LOT 2-DRN","4679271","DR","D02","00","Not Started","Nov 8, 2019","Drain and Site Service",""
"11","18","270736","1 ADRA VILLAWAY-BLK B- - LOT 3-DRN","4679272","DR","D03","00","Not Started","Nov 8, 2019","Drain and Site Service",""
"11","18","270736","1 ADRA VILLAWAY-BLK B- - LOT 4-DRN","4679273","DR","D04","00","Not Started","Nov 8, 2019","Drain and Site Service",""
"11","18","270736","1 ADRA VILLAWAY-BLK B- - LOT 5-DRN","4679274","DR","D05","00","Not Started","Nov 8, 2019","Drain and Site Service",""
"11","18","270736","1 ADRA VILLAWAY-BLK B- - LOT 6-DRN","4679275","DR","D06","00","Not Started","Nov 8, 2019","Drain and Site Service",""
"11","18","270736","1 ADRA VILLAWAY-BLK B- - LOT 7-DRN","4679276","DR","D07","00","Not Started","Nov 8, 2019","Drain and Site Service",""
"11","18","270736","1 ADRA VILLAWAY-BLK B- - LOT 8-DRN","4679277","DR","D08","00","Not Started","Nov 8, 2019","Drain and Site Service",""
"11","18","270736","1 ADRA VILLAWAY-BLK B- - LOT 10-DRN","4679279","DR","D10","00","Not Started","Nov 8, 2019","Drain and Site Service",""
"11","18","270736","1 ADRA VILLAWAY-BLK B- - LOT 11-DRN","4679280","DR","D11","00","Not Started","Nov 8, 2019","Drain and Site Service",""
"11","18","270736","1 ADRA VILLAWAY-BLK B- - LOT 12-DRN","4679281","DR","D12","00","Not Started","Nov 8, 2019","Drain and Site Service",""
"11","18","270736","1 ADRA VILLAWAY-BLK B- - LOT 13-DRN","4679282","DR","D13","00","Not Started","Nov 8, 2019","Drain and Site Service",""
"11","18","270736","1 ADRA VILLAWAY-BLK B- - LOT 14-DRN","4679283","DR","D14","00","Not Started","Nov 8, 2019","Drain and Site Service",""
"11","18","270736","1 ADRA VILLAWAY-BLK B- - LOT 15-DRN","4679284","DR","D15","00","Not Started","Nov 8, 2019","Drain and Site Service",""
"11","18","270736","1 ADRA VILLAWAY-BLK B- - LOT 18-DRN","4679287","DR","D18","00","Not Started","Nov 8, 2019","Drain and Site Service",""
"11","18","270736","1 ADRA VILLAWAY-BLK B- - LOT 19-DRN","4679288","DR","D19","00","Not Started","Nov 8, 2019","Drain and Site Service",""
"11","18","270736","1 ADRA VILLAWAY-BLK B- - LOT 20-DRN","4679289","DR","D20","00","Not Started","Nov 8, 2019","Drain and Site Service",""
"11","18","270736","1 ADRA VILLAWAY-BLK B- - LOT 21-DRN","4679290","DR","D21","00","Not Started","Nov 8, 2019","Drain and Site Service",""
"11","18","270736","1 ADRA VILLAWAY-BLK B- - LOT 22-DRN","4679291","DR","D22","00","Not Started","Nov 8, 2019","Drain and Site Service",""
"11","18","270736","1 ADRA VILLAWAY-BLK B- - LOT 23-DRN","4679292","DR","D23","00","Not Started","Nov 8, 2019","Drain and Site Service",""
"11","18","270736","1 ADRA VILLAWAY-BLK B- - LOT 24-DRN","4679293","DR","D24","00","Not Started","Nov 8, 2019","Drain and Site Service",""
"11","18","270733","1 ADRA VILLAWAY-TCHC-BLK A-UNIT 1-DRN","4679298","DR","D01","00","Not Started","Nov 8, 2019","Drain and Site Service",""
"11","18","270733","1 ADRA VILLAWAY-TCHC-BLK A-UNIT 2-DRN","4679299","DR","D02","00","Not Started","Nov 8, 2019","Drain and Site Service",""
"11","18","270733","1 ADRA VILLAWAY-TCHC-BLK A-UNIT 3-DRN","4679300","DR","D03","00","Not Started","Nov 8, 2019","Drain and Site Service",""
"11","18","270733","1 ADRA VILLAWAY-TCHC-BLK A-UNIT 4-DRN","4679302","DR","D04","00","Not Started","Nov 8, 2019","Drain and Site Service",""
"11","18","270733","1 ADRA VILLAWAY-TCHC-BLK A-UNIT 5-DRN","4679303","DR","D05","00","Not Started","Nov 8, 2019","Drain and Site Service",""
"11","18","270733","1 ADRA VILLAWAY-TCHC-BLK A-UNIT 6-DRN","4679304","DR","D06","00","Not Started","Nov 8, 2019","Drain and Site Service",""
"11","18","270733","1 ADRA VILLAWAY-TCHC-BLK A-UNIT 7-DRN","4679305","DR","D07","00","Not Started","Nov 8, 2019","Drain and Site Service",""
"11","18","270733","1 ADRA VILLAWAY-TCHC-BLK A-UNIT 8-DRN","4679306","DR","D08","00","Not Started","Nov 8, 2019","Drain and Site Service",""
"11","18","270733","1 ADRA VILLAWAY-TCHC-BLK A-UNIT 9-DRN","4679307","DR","D09","00","Not Started","Nov 8, 2019","Drain and Site Service",""
"11","18","270733","1 ADRA VILLAWAY-TCHC-BLK A-UNIT 10-DRN","4679308","DR","D10","00","Not Started","Nov 8, 2019","Drain and Site Service",""
"11","18","270733","1 ADRA VILLAWAY-TCHC-BLK A-UNIT 12-DRN","4679310","DR","D12","00","Not Started","Nov 8, 2019","Drain and Site Service",""
"11","18","270733","1 ADRA VILLAWAY-TCHC-BLK A-UNIT 13-DRN","4679311","DR","D13","00","Not Started","Nov 8, 2019","Drain and Site Service",""
"11","18","270733","1 ADRA VILLAWAY-TCHC-BLK A-UNIT 14-DRN","4679312","DR","D14","00","Not Started","Nov 8, 2019","Drain and Site Service",""
"11","18","270733","1 ADRA VILLAWAY-TCHC-BLK A-UNIT 15-DRN","4679313","DR","D15","00","Not Started","Nov 8, 2019","Drain and Site Service",""
"11","18","270733","1 ADRA VILLAWAY-TCHC-BLK A-UNIT 16-DRN","4679314","DR","D16","00","Not Started","Nov 8, 2019","Drain and Site Service",""
"11","18","270733","1 ADRA VILLAWAY-TCHC-BLK A-UNIT 17-DRN","4679315","DR","D17","00","Not Started","Nov 8, 2019","Drain and Site Service",""
"11","18","270733","1 ADRA VILLAWAY-TCHC-BLK A-UNIT 18-DRN","4679316","DR","D18","00","Not Started","Nov 8, 2019","Drain and Site Service",""
"11","18","270733","1 ADRA VILLAWAY-TCHC-BLK A-UNIT 19-DRN","4679317","DR","D19","00","Not Started","Nov 8, 2019","Drain and Site Service",""
"11","18","270733","1 ADRA VILLAWAY-TCHC-BLK A-UNIT 20-DRN","4679318","DR","D20","00","Not Started","Nov 8, 2019","Drain and Site Service",""
"11","18","270733","1 ADRA VILLAWAY-TCHC-BLK A-UNIT 21-DRN","4679319","DR","D21","00","Not Started","Nov 8, 2019","Drain and Site Service",""
"11","18","270733","1 ADRA VILLAWAY-TCHC-BLK A-UNIT 22-DRN","4679320","DR","D22","00","Not Started","Nov 8, 2019","Drain and Site Service",""
"11","18","270733","1 ADRA VILLAWAY-TCHC-BLK A-UNIT 23-DRN","4679321","DR","D23","00","Not Started","Nov 8, 2019","Drain and Site Service",""
"11","18","270733","1 ADRA VILLAWAY-TCHC-BLK A-UNIT 24-DRN","4679322","DR","D24","00","Not Started","Nov 8, 2019","Drain and Site Service",""
"20","18","270733","1 ADRA VILLAWAY-TCHC-BLK A-UNIT 1","4677111","PS","P01","00","Permit Issued","Nov 5, 2019","Plumbing(PS)",""
"20","18","270733","1 ADRA VILLAWAY-TCHC-BLK A-UNIT 2","4677112","PS","P02","00","Permit Issued","Nov 5, 2019","Plumbing(PS)",""
"20","18","270733","1 ADRA VILLAWAY-TCHC-BLK A-UNIT 3","4677113","PS","P03","00","Permit Issued","Nov 5, 2019","Plumbing(PS)",""
"20","18","270733","1 ADRA VILLAWAY-TCHC-BLK A-UNIT 4","4677114","PS","P04","00","Permit Issued","Nov 5, 2019","Plumbing(PS)",""
"20","18","270733","1 ADRA VILLAWAY-TCHC-BLK A-UNIT 5","4677115","PS","P05","00","Permit Issued","Nov 5, 2019","Plumbing(PS)",""
"20","18","270733","1 ADRA VILLAWAY-TCHC-BLK A-UNIT 6","4677116","PS","P06","00","Permit Issued","Nov 5, 2019","Plumbing(PS)",""
"20","18","270733","1 ADRA VILLAWAY-TCHC-BLK A-UNIT 7","4677117","PS","P07","00","Permit Issued","Nov 5, 2019","Plumbing(PS)",""
"20","18","270733","1 ADRA VILLAWAY-TCHC-BLK A-UNIT 8","4677118","PS","P08","00","Permit Issued","Nov 5, 2019","Plumbing(PS)",""
"20","18","270733","1 ADRA VILLAWAY-TCHC-BLK A-UNIT 9","4677119","PS","P09","00","Permit Issued","Nov 5, 2019","Plumbing(PS)",""
"20","18","270733","1 ADRA VILLAWAY-TCHC-BLK A-UNIT 10","4677120","PS","P10","00","Permit Issued","Nov 5, 2019","Plumbing(PS)",""
"20","18","270733","1 ADRA VILLAWAY-TCHC-BLK A-UNIT 11","4677121","PS","P11","00","Permit Issued","Nov 5, 2019","Plumbing(PS)",""
"20","18","270733","1 ADRA VILLAWAY-TCHC-BLK A-UNIT 12","4677122","PS","P12","00","Permit Issued","Nov 5, 2019","Plumbing(PS)",""
"20","18","270733","1 ADRA VILLAWAY-TCHC-BLK A-UNIT 13","4677123","PS","P13","00","Permit Issued","Nov 5, 2019","Plumbing(PS)",""
"20","18","270733","1 ADRA VILLAWAY-TCHC-BLK A-UNIT 14","4677124","PS","P14","00","Permit Issued","Nov 5, 2019","Plumbing(PS)",""
"20","18","270733","1 ADRA VILLAWAY-TCHC-BLK A-UNIT 15","4677125","PS","P15","00","Permit Issued","Nov 5, 2019","Plumbing(PS)",""
"20","18","270733","1 ADRA VILLAWAY-TCHC-BLK A-UNIT 16","4677126","PS","P16","00","Permit Issued","Nov 5, 2019","Plumbing(PS)",""
"20","18","270733","1 ADRA VILLAWAY-TCHC-BLK A-UNIT 17","4677127","PS","P17","00","Permit Issued","Nov 5, 2019","Plumbing(PS)",""
"20","18","270733","1 ADRA VILLAWAY-TCHC-BLK A-UNIT 18","4677128","PS","P18","00","Permit Issued","Nov 5, 2019","Plumbing(PS)",""
"20","18","270733","1 ADRA VILLAWAY-TCHC-BLK A-UNIT 19","4677129","PS","P19","00","Permit Issued","Nov 5, 2019","Plumbing(PS)",""
"20","18","270733","1 ADRA VILLAWAY-TCHC-BLK A-UNIT 20","4677130","PS","P20","00","Permit Issued","Nov 5, 2019","Plumbing(PS)",""
"20","18","270733","1 ADRA VILLAWAY-TCHC-BLK A-UNIT 21","4677131","PS","P21","00","Permit Issued","Nov 5, 2019","Plumbing(PS)",""
"20","18","270733","1 ADRA VILLAWAY-TCHC-BLK A-UNIT 22","4677132","PS","P22","00","Permit Issued","Nov 5, 2019","Plumbing(PS)",""
"20","18","270733","1 ADRA VILLAWAY-TCHC-BLK A-UNIT 23","4677133","PS","P23","00","Permit Issued","Nov 5, 2019","Plumbing(PS)",""
"20","18","270733","1 ADRA VILLAWAY-TCHC-BLK A-UNIT 24","4677134","PS","P24","00","Permit Issued","Nov 5, 2019","Plumbing(PS)",""
"190","18","270736","1 ADRA VILLAWAY-BLK B- - LOT 1","4671763","PS","P01","00","Inspection","Oct 25, 2019","Plumbing(PS)",""
"190","18","270736","1 ADRA VILLAWAY-BLK B- - LOT 2","4671764","PS","P02","00","Inspection","Oct 25, 2019","Plumbing(PS)",""
"190","18","270736","1 ADRA VILLAWAY-BLK B- - LOT 3","4671765","PS","P03","00","Inspection","Oct 25, 2019","Plumbing(PS)",""
"190","18","270736","1 ADRA VILLAWAY-BLK B- - LOT 4","4671766","PS","P04","00","Inspection","Oct 25, 2019","Plumbing(PS)",""
"190","18","270736","1 ADRA VILLAWAY-BLK B- - LOT 5","4671767","PS","P05","00","Inspection","Oct 25, 2019","Plumbing(PS)",""
"190","18","270736","1 ADRA VILLAWAY-BLK B- - LOT 6","4671768","PS","P06","00","Inspection","Oct 25, 2019","Plumbing(PS)",""
"190","18","270736","1 ADRA VILLAWAY-BLK B- - LOT 7","4671769","PS","P07","00","Inspection","Oct 25, 2019","Plumbing(PS)",""
"190","18","270736","1 ADRA VILLAWAY-BLK B- - LOT 8","4671770","PS","P08","00","Inspection","Oct 25, 2019","Plumbing(PS)",""
"190","18","270736","1 ADRA VILLAWAY-BLK B- - LOT 9","4671771","PS","P09","00","Inspection","Oct 25, 2019","Plumbing(PS)",""
"190","18","270736","1 ADRA VILLAWAY-BLK B- - LOT 10","4671772","PS","P10","00","Inspection","Oct 25, 2019","Plumbing(PS)",""
"190","18","270736","1 ADRA VILLAWAY-BLK B- - LOT 11","4671773","PS","P11","00","Inspection","Oct 25, 2019","Plumbing(PS)",""
"190","18","270736","1 ADRA VILLAWAY-BLK B- - LOT 12","4671774","PS","P12","00","Inspection","Oct 25, 2019","Plumbing(PS)",""
"190","18","270736","1 ADRA VILLAWAY-BLK B- - LOT 13","4671775","PS","P13","00","Inspection","Oct 25, 2019","Plumbing(PS)",""
"190","18","270736","1 ADRA VILLAWAY-BLK B- - LOT 14","4671776","PS","P14","00","Inspection","Oct 25, 2019","Plumbing(PS)",""
"190","18","270736","1 ADRA VILLAWAY-BLK B- - LOT 15","4671777","PS","P15","00","Inspection","Oct 25, 2019","Plumbing(PS)",""
"190","18","270736","1 ADRA VILLAWAY-BLK B- - LOT 16","4671778","PS","P16","00","Inspection","Oct 25, 2019","Plumbing(PS)",""
"190","18","270736","1 ADRA VILLAWAY-BLK B- - LOT 17","4671779","PS","P17","00","Inspection","Oct 25, 2019","Plumbing(PS)",""
"190","18","270736","1 ADRA VILLAWAY-BLK B- - LOT 18","4671780","PS","P18","00","Inspection","Oct 25, 2019","Plumbing(PS)",""
"190","18","270736","1 ADRA VILLAWAY-BLK B- - LOT 19","4671781","PS","P19","00","Inspection","Oct 25, 2019","Plumbing(PS)",""
"190","18","270736","1 ADRA VILLAWAY-BLK B- - LOT 20","4671782","PS","P20","00","Inspection","Oct 25, 2019","Plumbing(PS)",""
"190","18","270736","1 ADRA VILLAWAY-BLK B- - LOT 21","4671783","PS","P21","00","Inspection","Oct 25, 2019","Plumbing(PS)",""
"190","18","270736","1 ADRA VILLAWAY-BLK B- - LOT 22","4671784","PS","P22","00","Inspection","Oct 25, 2019","Plumbing(PS)",""
"190","18","270736","1 ADRA VILLAWAY-BLK B- - LOT 23","4671785","PS","P23","00","Inspection","Oct 25, 2019","Plumbing(PS)",""
"190","18","270736","1 ADRA VILLAWAY-BLK B- - LOT 24","4671786","PS","P24","00","Inspection","Oct 25, 2019","Plumbing(PS)",""
"60","18","189065","1-69 ADRA, 1-53 GRADO AND 1-29 TOMAR VILLAWAY BLK C-TCHC-FND","4406622","MS","HVA","00","Under Review ","Jul 5, 2019","Mechanical(MS)",""
"20","18","270733","1 ADRA VILLAWAY-TCHC-BLK A-UNIT 1","4549682","MS","H01","00","Permit Issued","Apr 5, 2019","Mechanical(MS)",""
"20","18","270733","1 ADRA VILLAWAY-TCHC-BLK A-UNIT 2","4549683","MS","H02","00","Permit Issued","Apr 5, 2019","Mechanical(MS)",""
"20","18","270733","1 ADRA VILLAWAY-TCHC-BLK A-UNIT 3","4549684","MS","H03","00","Permit Issued","Apr 5, 2019","Mechanical(MS)",""
"20","18","270733","1 ADRA VILLAWAY-TCHC-BLK A-UNIT 4","4549685","MS","H04","00","Permit Issued","Apr 5, 2019","Mechanical(MS)",""
"20","18","270733","1 ADRA VILLAWAY-TCHC-BLK A-UNIT 5","4549686","MS","H05","00","Permit Issued","Apr 5, 2019","Mechanical(MS)",""
"20","18","270733","1 ADRA VILLAWAY-TCHC-BLK A-UNIT 6","4549687","MS","H06","00","Permit Issued","Apr 5, 2019","Mechanical(MS)",""
"20","18","270733","1 ADRA VILLAWAY-TCHC-BLK A-UNIT 7","4549688","MS","H07","00","Permit Issued","Apr 5, 2019","Mechanical(MS)",""
"20","18","270733","1 ADRA VILLAWAY-TCHC-BLK A-UNIT 8","4549689","MS","H08","00","Permit Issued","Apr 5, 2019","Mechanical(MS)",""
"20","18","270733","1 ADRA VILLAWAY-TCHC-BLK A-UNIT 9","4549690","MS","H09","00","Permit Issued","Apr 5, 2019","Mechanical(MS)",""
"20","18","270733","1 ADRA VILLAWAY-TCHC-BLK A-UNIT 10","4549691","MS","H10","00","Permit Issued","Apr 5, 2019","Mechanical(MS)",""
"20","18","270733","1 ADRA VILLAWAY-TCHC-BLK A-UNIT 11","4549692","MS","H11","00","Permit Issued","Apr 5, 2019","Mechanical(MS)",""
"20","18","270733","1 ADRA VILLAWAY-TCHC-BLK A-UNIT 12","4549693","MS","H12","00","Permit Issued","Apr 5, 2019","Mechanical(MS)",""
"20","18","270733","1 ADRA VILLAWAY-TCHC-BLK A-UNIT 13","4549694","MS","H13","00","Permit Issued","Apr 5, 2019","Mechanical(MS)",""
"20","18","270733","1 ADRA VILLAWAY-TCHC-BLK A-UNIT 14","4549695","MS","H14","00","Permit Issued","Apr 5, 2019","Mechanical(MS)",""
"20","18","270733","1 ADRA VILLAWAY-TCHC-BLK A-UNIT 15","4549697","MS","H15","00","Permit Issued","Apr 5, 2019","Mechanical(MS)",""
"20","18","270733","1 ADRA VILLAWAY-TCHC-BLK A-UNIT 16","4549698","MS","H16","00","Permit Issued","Apr 5, 2019","Mechanical(MS)",""
"20","18","270733","1 ADRA VILLAWAY-TCHC-BLK A-UNIT 17","4549699","MS","H17","00","Permit Issued","Apr 5, 2019","Mechanical(MS)",""
"20","18","270733","1 ADRA VILLAWAY-TCHC-BLK A-UNIT 18","4549700","MS","H18","00","Permit Issued","Apr 5, 2019","Mechanical(MS)",""
"20","18","270733","1 ADRA VILLAWAY-TCHC-BLK A-UNIT 19","4549701","MS","H19","00","Permit Issued","Apr 5, 2019","Mechanical(MS)",""
"20","18","270733","1 ADRA VILLAWAY-TCHC-BLK A-UNIT 20","4549702","MS","H20","00","Permit Issued","Apr 5, 2019","Mechanical(MS)",""
"20","18","270733","1 ADRA VILLAWAY-TCHC-BLK A-UNIT 21","4549703","MS","H21","00","Permit Issued","Apr 5, 2019","Mechanical(MS)",""
"20","18","270733","1 ADRA VILLAWAY-TCHC-BLK A-UNIT 22","4549704","MS","H22","00","Permit Issued","Apr 5, 2019","Mechanical(MS)",""
"20","18","270733","1 ADRA VILLAWAY-TCHC-BLK A-UNIT 23","4549705","MS","H23","00","Permit Issued","Apr 5, 2019","Mechanical(MS)",""
"20","18","270733","1 ADRA VILLAWAY-TCHC-BLK A-UNIT 24","4549706","MS","H24","00","Permit Issued","Apr 5, 2019","Mechanical(MS)",""
"20","18","270736","1 ADRA VILLAWAY-BLK B- - LOT 3","4549718","MS","H03","00","Permit Issued","Apr 5, 2019","Mechanical(MS)",""
"20","18","270736","1 ADRA VILLAWAY-BLK B- - LOT 4","4549719","MS","H04","00","Permit Issued","Apr 5, 2019","Mechanical(MS)",""
"20","18","270736","1 ADRA VILLAWAY-BLK B- - LOT 5","4549720","MS","H05","00","Permit Issued","Apr 5, 2019","Mechanical(MS)",""
"20","18","270736","1 ADRA VILLAWAY-BLK B- - LOT 6","4549721","MS","H06","00","Permit Issued","Apr 5, 2019","Mechanical(MS)",""
"20","18","270736","1 ADRA VILLAWAY-BLK B- - LOT 7","4549722","MS","H07","00","Permit Issued","Apr 5, 2019","Mechanical(MS)",""
"20","18","270736","1 ADRA VILLAWAY-BLK B- - LOT 8","4549723","MS","H08","00","Permit Issued","Apr 5, 2019","Mechanical(MS)",""
"20","18","270736","1 ADRA VILLAWAY-BLK B- - LOT 9","4549724","MS","H09","00","Permit Issued","Apr 5, 2019","Mechanical(MS)",""
"20","18","270736","1 ADRA VILLAWAY-BLK B- - LOT 10","4549725","MS","H10","00","Permit Issued","Apr 5, 2019","Mechanical(MS)",""
"20","18","270736","1 ADRA VILLAWAY-BLK B- - LOT 13","4549728","MS","H13","00","Permit Issued","Apr 5, 2019","Mechanical(MS)",""
"20","18","270736","1 ADRA VILLAWAY-BLK B- - LOT 14","4549729","MS","H14","00","Permit Issued","Apr 5, 2019","Mechanical(MS)",""
"20","18","270736","1 ADRA VILLAWAY-BLK B- - LOT 15","4549730","MS","H15","00","Permit Issued","Apr 5, 2019","Mechanical(MS)",""
"20","18","270736","1 ADRA VILLAWAY-BLK B- - LOT 16","4549731","MS","H16","00","Permit Issued","Apr 5, 2019","Mechanical(MS)",""
"20","18","270736","1 ADRA VILLAWAY-BLK B- - LOT 17","4549732","MS","H17","00","Permit Issued","Apr 5, 2019","Mechanical(MS)",""
"20","18","270736","1 ADRA VILLAWAY-BLK B- - LOT 18","4549733","MS","H18","00","Permit Issued","Apr 5, 2019","Mechanical(MS)",""
"20","18","270736","1 ADRA VILLAWAY-BLK B- - LOT 19","4549734","MS","H19","00","Permit Issued","Apr 5, 2019","Mechanical(MS)",""
"20","18","270736","1 ADRA VILLAWAY-BLK B- - LOT 20","4549735","MS","H20","00","Permit Issued","Apr 5, 2019","Mechanical(MS)",""
"20","18","270736","1 ADRA VILLAWAY-BLK B- - LOT 21","4549736","MS","H21","00","Permit Issued","Apr 5, 2019","Mechanical(MS)",""
"20","18","270736","1 ADRA VILLAWAY-BLK B- - LOT 22","4549737","MS","H22","00","Permit Issued","Apr 5, 2019","Mechanical(MS)",""
"20","18","270736","1 ADRA VILLAWAY-BLK B- - LOT 23","4549738","MS","H23","00","Permit Issued","Apr 5, 2019","Mechanical(MS)",""
"20","18","270736","1 ADRA VILLAWAY-BLK B- - LOT 24","4549739","MS","H24","00","Permit Issued","Apr 5, 2019","Mechanical(MS)",""
"20","18","270733","1 ADRA VILLAWAY-TCHC-BLK A-UNIT 1","4502781","NH","B01","00","Permit Issued","Dec 24, 2018","New Houses",""
"190","18","270736","1 ADRA VILLAWAY-BLK B- - LOT 1","4502784","NH","B01","00","Inspection","Dec 24, 2018","New Houses",""
"20","18","270733","1 ADRA VILLAWAY-TCHC-BLK A-UNIT 2","4504229","NH","B02","00","Permit Issued","Dec 24, 2018","New Houses",""
"20","18","270733","1 ADRA VILLAWAY-TCHC-BLK A-UNIT 3","4504230","NH","B03","00","Permit Issued","Dec 24, 2018","New Houses",""
"20","18","270733","1 ADRA VILLAWAY-TCHC-BLK A-UNIT 4","4504231","NH","B04","00","Permit Issued","Dec 24, 2018","New Houses",""
"20","18","270733","1 ADRA VILLAWAY-TCHC-BLK A-UNIT 5","4504232","NH","B05","00","Permit Issued","Dec 24, 2018","New Houses",""
"20","18","270733","1 ADRA VILLAWAY-TCHC-BLK A-UNIT 6","4504233","NH","B06","00","Permit Issued","Dec 24, 2018","New Houses",""
"20","18","270733","1 ADRA VILLAWAY-TCHC-BLK A-UNIT 7","4504234","NH","B07","00","Permit Issued","Dec 24, 2018","New Houses",""
"20","18","270733","1 ADRA VILLAWAY-TCHC-BLK A-UNIT 8","4504235","NH","B08","00","Permit Issued","Dec 24, 2018","New Houses",""
"20","18","270733","1 ADRA VILLAWAY-TCHC-BLK A-UNIT 9","4504236","NH","B09","00","Permit Issued","Dec 24, 2018","New Houses",""
"20","18","270733","1 ADRA VILLAWAY-TCHC-BLK A-UNIT 10","4504237","NH","B10","00","Permit Issued","Dec 24, 2018","New Houses",""
"20","18","270733","1 ADRA VILLAWAY-TCHC-BLK A-UNIT 11","4504238","NH","B11","00","Permit Issued","Dec 24, 2018","New Houses",""
"20","18","270733","1 ADRA VILLAWAY-TCHC-BLK A-UNIT 12","4504239","NH","B12","00","Permit Issued","Dec 24, 2018","New Houses",""
"20","18","270733","1 ADRA VILLAWAY-TCHC-BLK A-UNIT 13","4504240","NH","B13","00","Permit Issued","Dec 24, 2018","New Houses",""
"20","18","270733","1 ADRA VILLAWAY-TCHC-BLK A-UNIT 14","4504241","NH","B14","00","Permit Issued","Dec 24, 2018","New Houses",""
"20","18","270733","1 ADRA VILLAWAY-TCHC-BLK A-UNIT 15","4504242","NH","B15","00","Permit Issued","Dec 24, 2018","New Houses",""
"20","18","270733","1 ADRA VILLAWAY-TCHC-BLK A-UNIT 18","4504245","NH","B18","00","Permit Issued","Dec 24, 2018","New Houses",""
"20","18","270733","1 ADRA VILLAWAY-TCHC-BLK A-UNIT 19","4504246","NH","B19","00","Permit Issued","Dec 24, 2018","New Houses",""
"20","18","270733","1 ADRA VILLAWAY-TCHC-BLK A-UNIT 20","4504247","NH","B20","00","Permit Issued","Dec 24, 2018","New Houses",""
"20","18","270733","1 ADRA VILLAWAY-TCHC-BLK A-UNIT 21","4504248","NH","B21","00","Permit Issued","Dec 24, 2018","New Houses",""
"20","18","270733","1 ADRA VILLAWAY-TCHC-BLK A-UNIT 22","4504249","NH","B22","00","Permit Issued","Dec 24, 2018","New Houses",""
"20","18","270733","1 ADRA VILLAWAY-TCHC-BLK A-UNIT 23","4504250","NH","B23","00","Permit Issued","Dec 24, 2018","New Houses",""
"20","18","270733","1 ADRA VILLAWAY-TCHC-BLK A-UNIT 24","4504251","NH","B24","00","Permit Issued","Dec 24, 2018","New Houses",""
"190","18","270736","1 ADRA VILLAWAY-BLK B- - LOT 2","4504300","NH","B02","00","Inspection","Dec 24, 2018","New Houses",""
"190","18","270736","1 ADRA VILLAWAY-BLK B- - LOT 3","4504301","NH","B03","00","Inspection","Dec 24, 2018","New Houses",""
"190","18","270736","1 ADRA VILLAWAY-BLK B- - LOT 4","4504302","NH","B04","00","Inspection","Dec 24, 2018","New Houses",""
"190","18","270736","1 ADRA VILLAWAY-BLK B- - LOT 5","4504303","NH","B05","00","Inspection","Dec 24, 2018","New Houses",""
"190","18","270736","1 ADRA VILLAWAY-BLK B- - LOT 6","4504304","NH","B06","00","Inspection","Dec 24, 2018","New Houses",""
"190","18","270736","1 ADRA VILLAWAY-BLK B- - LOT 7","4504305","NH","B07","00","Inspection","Dec 24, 2018","New Houses",""
"190","18","270736","1 ADRA VILLAWAY-BLK B- - LOT 8","4504306","NH","B08","00","Inspection","Dec 24, 2018","New Houses",""
"190","18","270736","1 ADRA VILLAWAY-BLK B- - LOT 9","4504307","NH","B09","00","Inspection","Dec 24, 2018","New Houses",""
"190","18","270736","1 ADRA VILLAWAY-BLK B- - LOT 10","4504308","NH","B10","00","Inspection","Dec 24, 2018","New Houses",""
"190","18","270736","1 ADRA VILLAWAY-BLK B- - LOT 11","4504309","NH","B11","00","Inspection","Dec 24, 2018","New Houses",""
"190","18","270736","1 ADRA VILLAWAY-BLK B- - LOT 12","4504310","NH","B12","00","Inspection","Dec 24, 2018","New Houses",""
"190","18","270736","1 ADRA VILLAWAY-BLK B- - LOT 13","4504311","NH","B13","00","Inspection","Dec 24, 2018","New Houses",""
"190","18","270736","1 ADRA VILLAWAY-BLK B- - LOT 14","4504312","NH","B14","00","Inspection","Dec 24, 2018","New Houses",""
"190","18","270736","1 ADRA VILLAWAY-BLK B- - LOT 15","4504313","NH","B15","00","Inspection","Dec 24, 2018","New Houses",""
"190","18","270736","1 ADRA VILLAWAY-BLK B- - LOT 16","4504314","NH","B16","00","Inspection","Dec 24, 2018","New Houses",""
"190","18","270736","1 ADRA VILLAWAY-BLK B- - LOT 17","4504315","NH","B17","00","Inspection","Dec 24, 2018","New Houses",""
"190","18","270736","1 ADRA VILLAWAY-BLK B- - LOT 18","4504316","NH","B18","00","Inspection","Dec 24, 2018","New Houses",""
"190","18","270736","1 ADRA VILLAWAY-BLK B- - LOT 19","4504317","NH","B19","00","Inspection","Dec 24, 2018","New Houses",""
"190","18","270736","1 ADRA VILLAWAY-BLK B- - LOT 20","4504318","NH","B20","00","Inspection","Dec 24, 2018","New Houses",""
"190","18","270736","1 ADRA VILLAWAY-BLK B- - LOT 21","4504319","NH","B21","00","Inspection","Dec 24, 2018","New Houses",""
"190","18","270736","1 ADRA VILLAWAY-BLK B- - LOT 22","4504320","NH","B22","00","Inspection","Dec 24, 2018","New Houses",""
"190","18","270736","1 ADRA VILLAWAY-BLK B- - LOT 23","4504321","NH","B23","00","Inspection","Dec 24, 2018","New Houses",""
"190","18","270736","1 ADRA VILLAWAY-BLK B- - LOT 24","4504322","NH","B24","00","Inspection","Dec 24, 2018","New Houses",""
"20","17","171433","1 ADRA VILLAWAY - TOWER - - BLOCK D - MARKET BUILDING-STR","4454112","PP","STR","00","Permit Issued","Sep 21, 2018","Partial Permit","20","18","189065","1-69 ADRA, 1-53 GRADO AND 1-29 TOMAR VILLAWAY BLK C-TCHC","4406568","NB","BLD","00","Permit Issued","Jul 6, 2018","New Building","20","18","189065","1-69 ADRA, 1-53 GRADO AND 1-29 TOMAR VILLAWAY BLK C-TCHC-FND","4406623","PS","PLB","00","Permit Issued","Jul 6, 2018","Plumbing(PS)","190","18","189065","1-69 ADRA, 1-53 GRADO AND 1-29 TOMAR VILLAWAY BLK C-TCHC-FND-DRN","4407254","DR","DRN","00","Inspection","Jul 6, 2018","Drain and Site Service","190","17","188801","1 ADRA VILLAWAY-SITE SERVICES","4194795","DR","STS","00","Inspection","Sep 13, 2017","Drain and Site Service","880","17","171325","25 ADRA GRADO WAY -- PARKING GARAGE-BLOCK D-MARKET BUILDING","4175068","NB","BLD","00","Examiner's Notice Sent","Jun 8, 2017","New Building","11","17","171325","25 ADRA GRADO WAY -- PARKING GARAGE-BLOCK D-MARKET BUILDING","4175165","MS","HVA","00","Not Started","Jun 8, 2017","Mechanical(MS)","20","17","171325","25 ADRA GRADO WAY -- PARKING GARAGE-BLOCK D-MARKET BUILDING","4175168","DR","STS","00","Permit Issued","Jun 8, 2017","Drain and Site Service","60","17","171433","1 ADRA VILLAWAY - TOWER - - BLOCK D - MARKET BUILDING","4175188","NB","BLD","00","Under Review ","Jun 8, 2017","New Building","20","17","171325","25 ADRA GRADO WAY -- PARKING GARAGE-BLOCK D-MARKET BUILDING","4175255","PP","FND","00","Permit Issued","Jun 8, 2017","Partial Permit","11","17","171433","1 ADRA VILLAWAY - TOWER- BLOCK D - MARKET BUILDING","4175258","MS","HVA","00","Not Started","Jun 8, 2017","Mechanical(MS)","60","17","171433","1 ADRA VILLAWAY - TOWER- BLOCK D - MARKET BUILDING","4175259","PS","PLB","00","Under Review ","Jun 8, 2017","Plumbing(PS)",